,Subreddit name,Number of subscribers,Active accounts,Active Fuzzed accounts,Active user count
0,research,6061,4,False,4
1,fetish,41666,48,False,48
2,data,11760,20,False,20
3,Teachers,137454,893,False,893
4,academia,11288,41,False,41
5,visualization,54439,22,False,22
6,tumblr,751153,4271,False,4271
7,geek,583932,313,False,313
8,LGBTQ,5608,0,False,0
9,subreddit,10070,14,False,14
10,ABDL,26897,242,False,242
11,bdsm,300703,543,False,543
12,aikatsu,241,7,False,7
13,Sculpture,26530,34,False,34
14,fandom,654,3,False,3
15,STEM,4561,4,False,4
16,Jokes,17902844,18130,False,18130
17,dev,864,1,False,1
18,Design,1130195,121,False,121
19,Mastodon,2646,20,False,20
20,work,15762,39,False,39
21,Students,870,3,False,3
22,nsfw,1704244,2375,False,2375
