topic,count
tech,19
furry,14
art,13
anime,12
general,11
software,10
gaming,9
music,9
/,8
game,8
linux,8
social,7
development,7
generalistic,7
games,7
science,7
technology,7
instance,7
politics,6
design,6
queer,5
computer,5
&,5
open,5
web,4
programming,4
books,4
-,4
security,4
porn,4
source,4
privacy,4
free,4
und,4
stuff,4
rights,3
lgbtqia+,3
things,3
people,3
video,3
mastodon,3
photography,3
kink,3
bdsm,3
star,3
local,3
wars,3
cool,3
sports,3
otherkin,3
memes,3
coffee,3
culture,3
engineering,3
fun,3
arts,3
adult,3
nsfw,3
food,3
animation,3
animal,2
justice,2
activism,2
minecraft,2
life,2
javascript,2
css,2
nerd,2
shitposting,2
manga,2
vidÃ©o,2
et,2
welcome.,2
anything,2
lgbtq,2
debian,2
nature,2
geek,2
japan,2
discussion,2
idolm@ster,2
digital,2
culture.,2
projects.,2
amateur,2
lgbt,2
cooperation,2
community,2
single-user,2
freedom,2
little,2
brony,2
writing,2
roleplaying,2
roleplay,2
anarchist,2
therianthropy,2
psychedelics,2
hacking,2
telegram,2
android,2
php,2
computers,2
lgbtq+,2
talk,2
themed,2
de,2
groups,2
australia,2
friendship,2
unix,2
2,2
nerdery,2
videogames,2
around,2
generalist,2
code,2
space,2
polÃ­tica,2
furries,2
kind,2
sex,2
work,2
journalism,2
media,2
animals,2
hack,2
everything,2
personal,2
private,2
travel,2
camping,2
streaming,2
technik,2
liberty,2
fashion,2
ğŸ¦ˆ,2
fandom,2
infosec,2
literature,2
stellated,1
platonic,1
solids,1
anarcho-feminism,1
canadians,1
(actual,1
spirit),1
talking,1
it/tech,1
mostly.,1
anticapitalism,1
leftism,1
intersectional,1
feminism,1
dev+design,1
jokes,1
cyberpunk,1
ğŸ’—,1
friendly,1
ğŸ,1
ğŸ®,1
ğŸ–¥ï¸,1
net,1
noise,1
localised,1
manx,1
isle,1
man,1
phoenix,1
scene.,1
bunch,1
bastards.,1
jeux,1
japon,1
autres,1
entre,1
adultes,1
responsables.,1
queerness,1
encouraged,1
iot,1
new,1
technologies,1
portuguese,1
speakers,1
foxes,1
retrocomputing,1
astronomie,1
photos,1
informatic,1
kitten,1
russian,1
technomancy,1
bonn,1
aikatsu,1
(cat|foss|*nix),1
education,1
Ã©cole,1
informatique,1
entre-aide,1
suisse,1
oss,1
generalistic(but,1
currently,1
development),1
sculpture,1
too.,1
legal,1
ecology,1
photo,1
catalunya,1
catalonia,1
catalan,1
éŸ³ã‚²ãƒ¼,1
single,1
user,1
phantasy,1
pso,1
motorsports,1
mostly,1
mastodon-related,1
home,1
server,1
dtp,1
printing,1
ãƒ‡ã‚¶ã‚¤ãƒ³,1
å°åˆ·,1
bbq/food,1
ç«¶é¦¬,1
ohitorisama,1
insutansu,1
pc,1
kanzaki,1
ranko,1
è‚²å…,1
ã‚«ãƒ¼ãƒ“ã‚£,1
paranormal,1
investigators,1
pso2,1
co-ops,1
democracy,1
transparency,1
non-hierarchy,1
participation,1
academia,1
research,1
teachers,1
students,1
#honda,1
#yamaha,1
#suzuki,1
#kawasaki,1
#ducati,1
#bmw,1
#ktm,1
#triumph,1
#aprilia,1
#mvagusta,1
#harleydavidson,1
#bike,1
#ãƒã‚¤ã‚¯,1
#motorbike,1
#moto,1
biology;,1
zoology;,1
jellyfish;,1
ã‚¯ãƒ©ã‚²,1
yaoi,1
bl,1
mathematics,1
math,1
maths,1
whatever,1
call,1
expression,1
podcast,1
ãƒãƒƒãƒ‰ã‚­ãƒ£ã‚¹ãƒˆ,1
transportation,1
san'in,1
region,1
babymetal,1
g20,1
pony,1
especially,1
"""mlp",1
:,1
"fim""",1
sub-culture.,1
party,1
club,1
dj,1
techno,1
house,1
trance,1
edm,1
hip-hop,1
electro,1
on.,1
beer,1
cute,1
awesome,1
:),1
ãŠã‚‚ã¡ã‚ƒ,1
ãƒ—ãƒ©ãƒ¢ãƒ‡ãƒ«,1
ãƒ•ã‚£ã‚®ãƒ¥ã‚¢,1
toys,1
afv,1
creation,1
painting,1
drawing,1
esports,1
fantasy,1
sports!,1
mini4wd,1
ãƒŸãƒ‹å››é§†,1
"game,pc,it,roadbike,coffee",1
mmo,1
lineage,1
rubber,1
leather,1
bondage,1
mindfulness,1
novel,1
vocaloid,1
etc...,1
metal,1
"cat,çŒ«,ã­ã“",1
dqx,1
dq10,1
ãƒ‰ãƒ©ã‚´ãƒ³ã‚¯ã‚¨ã‚¹ãƒˆ,1
ãƒ‰ãƒ©ã‚¯ã‚¨,1
ãƒ­ãƒ¼ãƒ«ãƒ—ãƒ¬ã‚¤,1
monsters,1
creatures,1
å ´é¢ç·˜é»™,1
zenkaku,1
"book,books,novel,æœ¬,å°èª¬,æ›¸ç±,é›»å­æ›¸ç±,",1
succ,1
å²©æ‰‹çœŒ,1
æ˜ ç”»ã€Œå›ã®åã¯ã€‚ã€,1
wake,1
girls!,1
wug,1
voice,1
actor,1
esperanto,1
nerdism,1
psytrance,1
goa,1
bsdm,1
internet,1
rants,1
haidflow,1
fractals,1
visuals,1
420,1
meddl,1
osx,1
sql,1
warez,1
demoscene,1
polandball,1
foss,1
"furry,",1
rheology,1
playerunknown's,1
battlegrounds,1
åƒé¸¡,1
å¯‚ã—ã„,1
å­¤ç‹¬,1
å‡ºä¼šã„,1
korean,1
rpæ¨å¥¨,1
pbw,1
ã‚µã‚¤ã‚­ãƒƒã‚¯ãƒãƒ¼ãƒ„,1
ã‚±ãƒ«ãƒ™ãƒ­ã‚¹ãƒ–ãƒ¬ã‚¤ãƒ‰,1
ãƒˆãƒŸãƒ¼ã‚¦ã‚©ãƒ¼ã‚«ãƒ¼,1
islamism,1
terror,1
rf,1
sdr,1
dsp,1
reverse,1
embedded,1
hardware,1
witches,1
bullshit,1
chat,1
ğŸ’»,1
âš¡ï¸,1
ğŸ”’,1
ğŸ‘¾,1
fiction,1
comic,1
ğŸ’¬,1
communication,1
musicbrainz,1
roblox,1
social-justice,1
anarchism,1
socialism,1
decentralization,1
internet-freedom,1
cryptocurrencies,1
(ï½€ãƒ»Ï‰ãƒ»Â´),1
å˜Ÿå˜Ÿå™œ,1
äºŒæ¬¡å…ƒ,1
èŒãˆ,1
tech~furry,1
cheese,1
wedge,1
gundam,1
cryptotrek,1
"cuddles,headpats,pets,kisses,hugs,love",1
autour,1
chablis,1
le,1
vin,1
la,1
vie,1
locale,1
campaigning,1
ngo,1
working,1
better,1
world,1
conversation,1
ruhr,1
area,1
germany,1
"anime,voiceactor,comic,game,uesakasumire",1
planetside,1
network,1
bsd,1
openbsd,1
freebsd,1
netbsd,1
peaceful,1
pagan-driven,1
site,1
hoping,1
put,1
"""social""",1
back,1
networking,1
making,1
makers,1
pokÃ©mon,1
data,1
visualization,1
blogging,1
impact,1
unfettered,1
activists,1
communicate,1
via,1
#openweb,1
plurality,1
multiplicity,1
minneapolis,1
st.,1
paul,1
minnesota,1
political,1
regional,1
concerns,1
(and,1
lives,1
concerned),1
humor,1
nothing,1
paticular,1
age,1
players,1
baby,1
furs,1
babies,1
diaper,1
lovers,1
bash,1
street,1
boys,1
girls,1
opensource,1
å¦–æ€ªæƒ‘æ˜Ÿã‚¯ãƒ©ãƒªã‚¹,1
(youkai,1
planet,1
"""claris"")",1
+other,1
desktop,1
mascot,1
"""ukagaka""",1
develop,1
ciencia,1
cultura,1
otros,1
temas,1
interÃ©s,1
automotive,1
fetish,1
w/,1
tags,1
ok,1
board,1
ponies,1
rainbows,1
hacker-artist-activism-stuff,1
also,1
libre,1
é”‹åŠ›åˆ›æ–°å¾®åš,1
kpop,1
compassion,1
movies,1
film,1
vore,1
shop.,1
gay,1
pipes,1
(*^â–½^*),1
âŠ™Ï‰âŠ™,1
(Â°â—‡Â°;,1
),1
!,1
ï½(â‰§âˆ‡â‰¦)ï½,1
dies,1
das,1
information,1
retrieval,1
finnish,1
language,1
instance.,1
tabletop,1
boardgame,1
living,1
among,1
âœ¨plushâœ¨,1
frens!,1
anti-imperialism,1
left,1
wing,1
"politics,",1
use,1
religion,1
christianity,1
catholicism,1
queer/lgbtqiapn+,1
glam,1
ç”Ÿæ´»,1
lewd,1
naughty,1
"programming,linux,foss,anime,manga",1
"åŠ¨æ¼«,æ¸¸æˆ,äºŒæ¬¡å…ƒ,å¼€å‘,è¿ç»´,æŠ€æœ¯å®…",1
european,1
openstreetmap,1
lgbtqi+,1
stem,1
(science,1
enginnering,1
mathematics),1
allgemeines,1
fÃ¶deration,1
è»Ÿé«”è‡ªç”±å”æœƒ,1
association,1
taiwan,1
rally,1
railway,1
abdl,1
ä¸­æ–‡mastodon,1
libertarian,1
anarchy,1
singapore,1
best,1
girl.,1
horny,1
hypno,1
plain,1
ol',1
good,1
times.,1
topics,1
events,1
restaurants,1
languages,1
gaming.,1
wordpress,1
ruby,1
philly,1
philadelphia,1
thevillage,1
want,1
german,1
law,1
journalism/media,1
trÃ¶te,1
mit,1
nutzer,1
aus,1
ganz,1
mÃ¼nchen,1
umland,1
chicago,1
liberalism,1
kommt,1
vorbei,1
habt,1
spass,1
trÃ¶tet,1
im,1
troet.cafe,1
cryptids,1
hidden,1
esoteric,1
aesthetic,1
kansas,1
city,1
lovelive!,1
tech-oriented,1
"news,journalism",1
transformers,1
friends,1
"general,tumblr,twitter,mastodon,social",1
saarland,1
problem,1
humankind,1
dwarf,1
fortress,1
guild,1
lojban,1
go,1
markov,1
bots,1
"""are",1
boy,1
"girl?""",1
"""im",1
"dead!""",1
æ ‘æ´,1
sharks,1
--,1
tbh,1
furries.,1
[wholesome],1
friendliness,1
uwu,1
come,1
big,1
bag,1
gays,1
us.,1
melbourne,1
(not,1
limited,1
to),1
euskarazko,1
instantzia,1
burujabea,1
artists,1
posting,1
models,1
thing.,1
cybersecurity,1
ethics,1
comics,1
radio,1
adventure,1
zone,1
random,1
things.,1
hypnosis,1
tumblr,1
nude,1
humblr,1
church,1
subgenius,1
fedora,1
ubuntu,1
floss,1
medievalism,1
re-enactment,1
sca,1
poetry,1
google,1
google+,1
"gaming,tech",1
outdoors,1
creativity,1
critical,1
thinking,1
coding,1
diy,1
retro,1
collector,1
outdoor,1
hiking,1
spiele,1
sowie,1
kekse,1
decentralisation,1
hybrid,1
cloud,1
gÃ©nÃ©raliste,1
bien,1
communs,1
"lewd,",1
lego-related,1
eco,1
authors,1
editors,1
readers,1
type,1
norwegian,1
motion,1
graphics,1
vfx,1
3d,1
illustration,1
å¤§å®¶å¾®åš,1
therians,1
dragonkin,1
malaysians,1
love,1
domain,1
gamers!,1
shitpost!,1
æ¨‚è³¦é€š,1
fintech,1
ausschlieÃŸungsmillieu,1
kollaboration,1
devolution,1
lovelive!ä¸­æ–‡ç¤¾åŒº,1
vegan,1
rollenspiel,1
pen,1
paper,1
alterhuman,1
furryfandom,1
transgender,1
otherhearted,1
plural,1
vampire,1
fictionkin,1
therian,1
technologies:,1
indieweb,1
fediverse,1
self-soverign,1
identity,1
humane,1
related,1
areas.,1
ììºì»¤ë®¤,1
focused,1
pony:,1
magic,1
/mlp/,1
book,1
sexuality,1
porno,1
libertinage,1
swinger,1
wrestling,1
lifestyle,1
human,1
e.g.,1
qwanturank,1
propaganda,1
kooperation,1
psychologie,1
spiritualitÃ¤t,1
eine,1
neue,1
welt,1
madrid,1
waifus,1
radios,1
online,1
lokales,1
netzwerken,1
leipzig,1
