company,industry,notes
luna node,IT,cloud
Pleroma,Media,social network
Ramotion,Software,UI/UX design agency
Best VPN,Media,VPN recommendation
VPN Ranks,Media,VPN recommendation
AirVPN,IT,VPN provider
Fire Stick Tricks,Consulting,services
Sex Toy Education,Education,
TekHattan,Media,Tech Reviews
Fediverse Network,Consulting,Fediverse analytics
PapersOwl,Publishing,writing service
Value Marketing,Marketing,finanical services and marketing
MiniTool,Software,software
SexToyCollective.com,Retail,
Circle Ent.,Software,Video game developer
Write.as,Publishing,writing
Justhanks,Retail,blockchain gift giving
easyDNS Technologies Inc.,IT,domain names
vpsserver.com,IT,
MoneyPug,Credit,credit broker
WritersPerHour.com,Publishing,writing service
Edusson,Publishing,writing service
MiniTool Partition Wizard,Software,software
YOURDOLL,Retail,