topic,instanceCount,userCount
lovelive!ä¸­æ–‡ç¤¾åŒº,1,114
biology;,1,85
lovelive!,1,119
areas.,1,83
computer,5,164
vore,1,65
gay,1,34
gÃ©nÃ©raliste,1,459
ğŸ–¥ï¸,1,5979
germany,1,522
techno,1,0
(*^â–½^*),1,60
frens!,1,107
mini4wd,1,101
computers,2,8
"""social""",1,199
related,1,83
spiritualitÃ¤t,1,7
language,1,80
bots,1,11
investigators,1,41
otherkin,3,48
:,1,557
privacy,4,27
working,1,114
entre,1,526
polandball,1,26
nothing,1,2
gaming.,1,164
living,1,107
therians,1,44
anti-imperialism,1,21
animals,2,47
vampire,1,48
enginnering,1,8316
mastodon-related,1,0
private,2,58
"""ukagaka""",1,121
radio,1,233
norwegian,1,87
languages,1,70
religion,1,193
us.,1,31
(Â°â—‡Â°;,1,60
ranko,1,0
esports,1,0
creation,1,364
animation,3,5
retrieval,1,95
hoping,1,199
goa,1,0
indieweb,1,83
problem,1,7
research,1,3768
vin,1,14
dwarf,1,11
bsd,1,1347
kanzaki,1,0
better,1,114
furry,14,48
+other,1,27
girls,1,0
video,3,54
education,1,31
times.,1,11
2,2,11
welt,1,7
coffee,3,13
javascript,2,0
ç«¶é¦¬,1,211
humane,1,83
madrid,1,255
voice,1,198
boy,1,82
concerned),1,210
fandom,2,2650
nerd,2,205
transgender,1,48
suisse,1,31
ponies,1,83
retro,1,54
travel,2,536
netzwerken,1,11
politics,6,1411
adultes,1,526
subgenius,1,847
ruhr,1,522
left,1,21
hardware,1,2
kooperation,1,7
fashion,2,49
ãƒ•ã‚£ã‚®ãƒ¥ã‚¢,1,92
(science,1,8316
railway,1,19
programming,4,3
vidÃ©o,2,0
ausschlieÃŸungsmillieu,1,13
printing,1,476
everything,2,27
glam,1,87
devolution,1,18
ğŸ‘¾,1,89
bondage,1,1372
things.,1,1
hip-hop,1,0
"""claris"")",1,27
kommt,1,887
ãƒ‡ã‚¶ã‚¤ãƒ³,1,476
psytrance,1,0
shitposting,2,47
(cat|foss|*nix),1,98
bsdm,1,0
cryptocurrencies,1,129
lgbtq+,2,2490
å‡ºä¼šã„,1,146
minnesota,1,210
science,7,8
ğŸ’»,1,89
lokales,1,11
film,1,12
decentralization,1,545
ciencia,1,882
swinger,1,36
visuals,1,0
peaceful,1,199
anticapitalism,1,1505
web,4,83
kpop,1,917
tbh,1,31
desktop,1,121
world,1,114
å¦–æ€ªæƒ‘æ˜Ÿã‚¯ãƒ©ãƒªã‚¹,1,27
work,2,118263
porno,1,36
telegram,2,27
age,1,0
random,1,1
network,1,2
lgbtq,2,10
concerns,1,210
"girl?""",1,82
melbourne,1,13
debian,2,9
zone,1,106
projects.,2,252
bastards.,1,0
street,1,0
self-soverign,1,83
linux,8,30
im,1,887
bdsm,3,2979
st.,1,210
monsters,1,585
russian,1,0
among,1,107
movies,1,12
aikatsu,1,4407
bien,1,459
mastodon,3,5515
(and,1,210
girls!,1,198
shop.,1,65
want,1,27
tumblr,1,32109
rf,1,2
generalistic,7,49
queer,5,120
catalan,1,2474
cooperation,2,31
ã‚µã‚¤ã‚­ãƒƒã‚¯ãƒãƒ¼ãƒ„,1,9
(actual,1,2156
infosec,2,40
hypno,1,11
pagan-driven,1,199
maths,1,1802
unfettered,1,252
ecology,1,230
taiwan,1,271
saarland,1,61
mascot,1,121
humankind,1,7
fractals,1,0
vie,1,14
decentralisation,1,58
äºŒæ¬¡å…ƒ,1,28
solids,1,810
openbsd,1,1347
impact,1,2
ganz,1,156
lgbtqi+,1,1793
wing,1,21
nsfw,3,32109
hybrid,1,58
"""im",1,82
euskarazko,1,205
furries,2,44
gamers!,1,11
alterhuman,1,48
#bmw,1,405
trance,1,0
mostly,1,0
furryfandom,1,48
esoteric,1,47
themed,2,65
æ ‘æ´,1,6
too.,1,10187
regional,1,210
journalism/media,1,18
graphics,1,133
memes,3,31
neue,1,7
psychologie,1,7
blogging,1,2
bl,1,38
limited,1,13
focused,1,29
pen,1,32
communication,1,368
"""are",1,82
ğŸ,1,5979
art,13,18
propaganda,1,9
adult,3,35095
lives,1,210
succ,1,12
qwanturank,1,2
bash,1,0
design,6,83
sports!,1,0
è‚²å…,1,700
android,2,12
ol',1,11
paticular,1,2
user,1,1
reverse,1,2
autour,1,14
locale,1,14
hack,2,9
gaming,9,32
sdr,1,2
lgbtqia+,3,90
malaysians,1,4
personal,2,1
authors,1,130
ä¸­æ–‡mastodon,1,2
instantzia,1,205
law,1,27
hypnosis,1,295
retrocomputing,1,165
und,4,887
multiplicity,1,565
game,8,2331
math,1,1802
academia,1,3768
mindfulness,1,0
free,4,30
club,1,0
phoenix,1,0
stuff,4,1
philadelphia,1,429
Ã©cole,1,31
thevillage,1,27
medievalism,1,57
#ducati,1,405
pipes,1,53
humblr,1,32109
otherhearted,1,48
drawing,1,364
#aprilia,1,405
democracy,1,1238
chicago,1,37
creativity,1,536
transformers,1,39
literature,2,18
hacking,2,545
type,1,87
pso,1,1295
cybersecurity,1,248
pso2,1,284
minneapolis,1,210
vocaloid,1,22
dies,1,1
insutansu,1,0
podcast,1,1
on.,1,0
encouraged,1,2653
mostly.,1,2156
philly,1,429
ãƒŸãƒ‹å››é§†,1,101
waifus,1,10
rheology,1,7
"""mlp",1,557
posting,1,3
anarchist,2,9
cool,3,4
rollenspiel,1,32
aus,1,156
cultura,1,882
jokes,1,19710
isle,1,85
geek,2,3019
motorsports,1,294
osx,1,0
naughty,1,42
troet.cafe,1,887
!,1,60
nutzer,1,156
hidden,1,47
roleplay,2,32
g20,1,0
girl.,1,11
âš¡ï¸,1,89
legal,1,0
san'in,1,13
internet-freedom,1,545
plurality,1,565
ãƒ‰ãƒ©ã‚´ãƒ³ã‚¯ã‚¨ã‚¹ãƒˆ,1,114
lewd,1,90
le,1,14
church,1,847
libertinage,1,36
canadians,1,2156
#yamaha,1,405
vegan,1,38
photos,1,23
freebsd,1,1347
fediverse,1,83
culture.,2,29
lojban,1,11
topics,1,25
ã‚±ãƒ«ãƒ™ãƒ­ã‚¹ãƒ–ãƒ¬ã‚¤ãƒ‰,1,9
witches,1,241
outdoors,1,5
responsables.,1,526
catalonia,1,2474
&,5,1595
[wholesome],1,31
queerness,1,2653
come,1,31
ubuntu,1,9
èŒãˆ,1,502
playerunknown's,1,32
social,7,30
musicbrainz,1,11
lifestyle,1,5
netbsd,1,1347
thing.,1,3
little,2,29
rants,1,0
via,1,252
friendship,2,29
area,1,522
opensource,1,32
#triumph,1,405
babymetal,1,109
to),1,13
plain,1,11
domain,1,4
ãƒ—ãƒ©ãƒ¢ãƒ‡ãƒ«,1,92
korean,1,169
éŸ³ã‚²ãƒ¼,1,1083
openstreetmap,1,206
actor,1,198
porn,4,36
diaper,1,0
love,1,4
anarchy,1,1411
use,1,2
#openweb,1,252
(ï½€ãƒ»Ï‰ãƒ»Â´),1,502
paranormal,1,41
intersectional,1,1505
catalunya,1,2474
google+,1,153
animal,2,165
kollaboration,1,14
guild,1,11
players,1,0
--,1,31
noise,1,0
students,1,3768
haidflow,1,0
journalism,2,1595
events,1,25
bag,1,31
bunch,1,0
motion,1,133
brony,2,29
floss,1,9
things,3,42
kitten,1,202
unix,2,9
sql,1,0
feminism,1,1505
co-ops,1,1238
#kawasaki,1,405
ohitorisama,1,0
æ¨‚è³¦é€š,1,13
planet,1,27
wug,1,198
magic,1,29
#motorbike,1,405
instance,7,1
engineering,3,14
groups,2,252
visualization,1,4912
lego-related,1,1
fÃ¶deration,1,176
meddl,1,0
nature,2,7
star,3,78
#ktm,1,405
paul,1,210
libre,1,535
leather,1,1372
bbq/food,1,0
idolm@ster,2,422
house,1,0
whatever,1,1802
zoology;,1,85
terror,1,10
european,1,71
abdl,1,14260
development),1,9
#bike,1,405
otros,1,882
nude,1,32109
music,9,49
automotive,1,14
gundam,1,6
freedom,2,27
streaming,2,72
chablis,1,14
æ˜ ç”»ã€Œå›ã®åã¯ã€‚ã€,1,26
communicate,1,252
vorbei,1,887
bullshit,1,241
å²©æ‰‹çœŒ,1,112
photography,3,974
party,1,0
technomancy,1,200
home,1,0
server,1,0
leipzig,1,8
cyberpunk,1,2457
book,1,28
develop,1,22
dj,1,0
kind,2,479
electro,1,0
best,1,11
adventure,1,106
rally,1,5
bonn,1,308
warez,1,0
psychedelics,2,24
around,2,65
ã‚¯ãƒ©ã‚²,1,85
models,1,3
"fim""",1,557
dq10,1,114
ğŸ”’,1,89
ãƒˆãƒŸãƒ¼ã‚¦ã‚©ãƒ¼ã‚«ãƒ¼,1,9
especially,1,557
internet,1,0
å°åˆ·,1,476
toys,1,92
foss,1,3
tabletop,1,2331
big,1,31
kansas,1,83
tech,19,49
hiking,1,14
temas,1,882
-,4,7
editors,1,130
entre-aide,1,31
writing,2,364
local,3,50
edm,1,0
eco,1,22
#suzuki,1,405
polÃ­tica,1,882
non-hierarchy,1,1238
esperanto,1,410
paper,1,32
friends,1,170
âŠ™Ï‰âŠ™,1,60
participation,1,1238
phantasy,1,1295
markov,1,11
data,1,4912
socialism,1,545
arts,3,459
(youkai,1,27
instance.,1,80
ğŸ’—,1,5979
code,2,60
call,1,1802
w/,1,10
compassion,1,18
fintech,1,13
talk,2,27
general,11,87
comic,1,28
),1,60
habt,1,887
board,1,619
association,1,271
online,1,16
#moto,1,405
å˜Ÿå˜Ÿå™œ,1,502
portuguese,1,502
metal,1,932
roblox,1,130
development,7,9
fiction,1,89
anything,2,10
speakers,1,502
teachers,1,3768
japan,2,13
lovers,1,0
illustration,1,133
technologies:,1,83
therianthropy,2,48
chat,1,118
singapore,1,206
sca,1,57
man,1,85
allgemeines,1,176
single-user,2,2
420,1,0
scene.,1,0
å¤§å®¶å¾®åš,1,1549
community,2,429
ok,1,10
fictionkin,1,48
e.g.,1,27
kink,3,640
source,4,30
re-enactment,1,57
ãƒãƒƒãƒ‰ã‚­ãƒ£ã‚¹ãƒˆ,1,1
collector,1,54
#harleydavidson,1,405
german,1,27
tags,1,10
camping,2,536
technik,2,31
readers,1,130
ììºì»¤ë®¤,1,8
coding,1,536
mit,1,156
comics,1,88
liberty,2,1411
boardgame,1,2331
rubber,1,1372
cute,1,0
jellyfish;,1,85
mmo,1,24
pokÃ©mon,1,529
manga,2,3
amateur,2,233
painting,1,364
transportation,1,13
afv,1,92
fedora,1,9
/,8,502
ç”Ÿæ´»,1,171
beer,1,0
demoscene,1,0
fantasy,1,0
baby,1,0
cloud,1,58
awesome,1,0
å ´é¢ç·˜é»™,1,0
la,1,14
stem,1,8316
it/tech,1,2156
ã‚«ãƒ¼ãƒ“ã‚£,1,155
wake,1,198
sharks,1,31
shitpost!,1,11
fun,3,536
single,1,1
babies,1,0
diy,1,536
kekse,1,31
generalistic(but,1,9
christianity,1,193
php,2,500
makers,1,34
#mvagusta,1,405
mathematics,1,1802
creatures,1,585
outdoor,1,14
è»Ÿé«”è‡ªç”±å”æœƒ,1,271
networking,1,199
thinking,1,536
wars,3,11
also,1,479
aesthetic,1,47
region,1,13
islamism,1,10
trÃ¶tet,1,887
activism,2,545
furries.,1,31
css,2,1780
roleplaying,2,114
ğŸ’¬,1,89
lineage,1,24
ãƒ­ãƒ¼ãƒ«ãƒ—ãƒ¬ã‚¤,1,114
city,1,83
identity,1,83
friendliness,1,31
talking,1,2156
activists,1,252
informatic,1,202
currently,1,9
wedge,1,224
wordpress,1,187
dragonkin,1,44
dtp,1,476
catholicism,1,193
life,2,2226
#ãƒã‚¤ã‚¯,1,405
making,1,586
dev+design,1,19710
therian,1,48
japon,1,526
plural,1,48
artists,1,3
google,1,153
/mlp/,1,29
zenkaku,1,42
anarcho-feminism,1,2378
welcome.,2,10
pc,1,17
finnish,1,80
eine,1,7
minecraft,2,19
justice,2,241
mÃ¼nchen,1,156
tech~furry,1,224
furs,1,0
friendly,1,5979
australia,2,593
videogames,2,192
media,2,1595
pony:,1,29
pbw,1,9
platonic,1,810
anime,12,11
ğŸ®,1,5979
space,2,4
information,1,95
3d,1,133
åƒé¸¡,1,32
wrestling,1,36
#honda,1,405
fetish,1,2979
et,2,14
nerdism,1,0
nerdery,2,83
dqx,1,114
transparency,1,1238
autres,1,526
interÃ©s,1,882
umland,1,156
ngo,1,114
sub-culture.,1,557
campaigning,1,114
ãƒ‰ãƒ©ã‚¯ã‚¨,1,114
jeux,1,526
pony,1,13
culture,3,25
people,3,4
technologies,1,172
astronomie,1,23
fortress,1,11
horny,1,11
etc...,1,22
tech-oriented,1,2
sowie,1,31
technology,7,34
å­¤ç‹¬,1,146
novel,1,294
boys,1,0
queer/lgbtqiapn+,1,269
ethics,1,248
spiele,1,31
spirit),1,2156
cryptotrek,1,1
"dead!""",1,82
embedded,1,2
informatique,1,31
uwu,1,31
books,4,49
digital,2,27
expression,1,0
dsp,1,2
cheese,1,224
rpæ¨å¥¨,1,9
put,1,199
das,1,1
good,1,11
restaurants,1,25
trÃ¶te,1,156
discussion,2,54
mathematics),1,8316
iot,1,172
communs,1,459
software,10,30
cryptids,1,47
back,1,199
humor,1,177
foxes,1,870
:),1,0
generalist,2,545
political,1,210
new,1,172
go,1,11
oss,1,107
games,7,49
âœ¨plushâœ¨,1,107
gays,1,31
open,5,83
ï½(â‰§âˆ‡â‰¦)ï½,1,60
ruby,1,1388
sexuality,1,36
anarchism,1,545
libertarian,1,1411
sculpture,1,10187
conversation,1,244
spass,1,887
burujabea,1,205
å¯‚ã—ã„,1,146
social-justice,1,545
hacker-artist-activism-stuff,1,479
é”‹åŠ›åˆ›æ–°å¾®åš,1,186
net,1,0
human,1,27
photo,1,0
localised,1,85
planetside,1,9
radios,1,16
ãŠã‚‚ã¡ã‚ƒ,1,92
manx,1,85
lgbt,2,48
rights,3,27
security,4,58
food,3,71
site,1,199
leftism,1,1505
(not,1,13
sex,2,36
poetry,1,57
sports,3,21
rainbows,1,83
liberalism,1,134
battlegrounds,1,32
de,2,882
stellated,1,810
ğŸ¦ˆ,2,31
yaoi,1,38
critical,1,536
vfx,1,133
